ds,unique_id,y
2026-01-01,SYNTHETIC-001,0
2026-01-02,SYNTHETIC-001,1
2026-01-03,SYNTHETIC-001,2
2026-01-04,SYNTHETIC-001,3
2026-01-05,SYNTHETIC-001,4
2026-01-06,SYNTHETIC-001,5
2026-01-07,SYNTHETIC-001,6
2026-01-08,SYNTHETIC-001,0
2026-01-09,SYNTHETIC-001,1
2026-01-10,SYNTHETIC-001,2
2026-01-11,SYNTHETIC-001,3
2026-01-12,SYNTHETIC-001,4
2026-01-13,SYNTHETIC-001,5
2026-01-14,SYNTHETIC-001,6
2026-01-15,SYNTHETIC-001,0
2026-01-16,SYNTHETIC-001,1
2026-01-17,SYNTHETIC-001,2
2026-01-18,SYNTHETIC-001,3
2026-01-19,SYNTHETIC-001,4
2026-01-20,SYNTHETIC-001,5
2026-01-21,SYNTHETIC-001,6
2026-01-22,SYNTHETIC-001,0
2026-01-23,SYNTHETIC-001,1
2026-01-24,SYNTHETIC-001,2
2026-01-25,SYNTHETIC-001,3
2026-01-26,SYNTHETIC-001,4
2026-01-27,SYNTHETIC-001,5
2026-01-28,SYNTHETIC-001,6
2026-01-01,SYNTHETIC-002,10
2026-01-02,SYNTHETIC-002,11
2026-01-03,SYNTHETIC-002,12
2026-01-04,SYNTHETIC-002,13
2026-01-05,SYNTHETIC-002,14
2026-01-06,SYNTHETIC-002,15
2026-01-07,SYNTHETIC-002,16
2026-01-08,SYNTHETIC-002,10
2026-01-09,SYNTHETIC-002,11
2026-01-10,SYNTHETIC-002,12
2026-01-11,SYNTHETIC-002,13
2026-01-12,SYNTHETIC-002,14
2026-01-13,SYNTHETIC-002,15
2026-01-14,SYNTHETIC-002,16
2026-01-15,SYNTHETIC-002,10
2026-01-16,SYNTHETIC-002,11
2026-01-17,SYNTHETIC-002,12
2026-01-18,SYNTHETIC-002,13
2026-01-19,SYNTHETIC-002,14
2026-01-20,SYNTHETIC-002,15
2026-01-21,SYNTHETIC-002,16
2026-01-22,SYNTHETIC-002,10
2026-01-23,SYNTHETIC-002,11
2026-01-24,SYNTHETIC-002,12
2026-01-25,SYNTHETIC-002,13
2026-01-26,SYNTHETIC-002,14
2026-01-27,SYNTHETIC-002,15
2026-01-28,SYNTHETIC-002,16
